names,reviews,ratings
Bob Cheung,"Good to see increased competition in the banking space (high interest is good, but inexplicably only given within a saving pocket), but GXS app lacks basic functionality, eg. ability to save payees (at the point of writing this review, these details need to be re-input each time - irritating and error prone). Suggest that rather than working on cool, but otherwise non-essential functions (like saving pockets), the company should focus on the basics first.",3
Nur Atiqah Ismail,"Cannot seem to open the app suddenly. Did not install new apps or change any setting on phone. Tried uninstalling and reinstalling still no avail. Although your CSO has been trying to rectify, it is still unsolvable. Sad, as when it first came out, I was the one of the many who applied in the beginning stage. Your services helped me. But now I have no access to it.",1
Tsayyou Chia,"Terrible experience. Took 4 attempts to finally set up account. Previous 3x received error msg ""couldn't approve your account at this time"". When the account was finally set up a few hours later, the app crashed. Have restarted the phone, uninstalled and reinstalled the app. I'm still stuck at the first page after logging in, which seemed to have a popped up msg/ad but not loading. Then the error msg of ""app is not responding"" appeared and prompted me to close the app.",1
Bob Cheung,"Good to see increased competition in the banking space (high interest is good, but inexplicably only given within a saving pocket), but GXS app lacks basic functionality, eg. ability to save payees (at the point of writing this review, these details need to be re-input each time - irritating and error prone). Suggest that rather than working on cool, but otherwise non-essential functions (like saving pockets), the company should focus on the basics first.",3
Nur Atiqah Ismail,"Cannot seem to open the app suddenly. Did not install new apps or change any setting on phone. Tried uninstalling and reinstalling still no avail. Although your CSO has been trying to rectify, it is still unsolvable. Sad, as when it first came out, I was the one of the many who applied in the beginning stage. Your services helped me. But now I have no access to it.",1
Dylan,"Received email notifying savings account is available to sign up, but when i tried to sign up, i got rejected immediately. No reason was given when rejected, only show faq which does not answer my question. Even after reaching out to the support email, no specific reason was given. I was simply told not eligible. An alternative savings account I suggest would be OCBC 360, which also offer high interest rate with terms and conditions.",1
Benjamin Tan,"Unable to login or use the forgot password function. System only replied with ""something wrong please try again later"" Now I was told I must wait for the next version of app to be rolled out progressively before I can login. Hopefully won't take too long",1
AK Ong,Try logging in after logging out completely. Cannot see Singpass QR at all. How to log in again? Something wrong with new updates?,1
E,"A feature they should implement is to save your recipients which you FAST to, makes it a lot safer as it prevents mistaken sending of funds to unintended recipients after the 1st transfer.",3
Lee Jia Xing,"Gxs is simple and easy to use, with a saving account/pocket that has no TnC. But not being able to add payees for FAST transfer is quite a setback and detrimental considering it as a basic common banking service that most people do. As a digital bank, isn't it pertinent to include basic online banking service like adding of payee?",3
Just Saus,"Seriously makes you wonder how grab and singtel took so long to come up with an app and there is no simple things like adding a payee. The debit card was only recently released when trust came up with a proper product more than a year ago with a proper rewards programme. Just like its owners, GXS is a failure.",1
lim xiangqing,cant logging using finger print . previously still able to use . so pissed off with the update .,1
Jas WJ,"Great app that can park your savings using pockets, but hopefully the interest rate of the savings pockets will increase due to the current economic conditions",4
Vince Chew,Fingerprint login no longer work since 2 months back.. all other bank apps doesn't have such issues.,2
Brendan Chew,Almost perfect; I want to transfer via bank account number but they do no allow me to save the bank details so I'm stuck twitch manually entering the details everytime when I need to do transfer which can be prone to human error.,4
Matt Murati,For 1st time registration signup by singpass and all info's needed but still my application is denied.,1
Jia Hong,Quick transfers to bank acc and fast repayments. Very suitable for short term loans,5
Peishan Tang,"I not be able to log in GXS bank today after I pay off my 1st outstanding loan. Is there a bug or hack? I hope my $ was offset for the loan. Even even I restart, power on off my phone, after updating the app, I unable to log in. When I log in with fingerprint, keep loading. Pls help.",1
Sky Koh,"Really really damm time wasting, if not ready for sign up don't launch. Close down and don't let people wait for you, uninstalling now. Trust Bank is much better, CRAB!",1
Fuse Akhi,"Reminder, please up to date your app for users to activate Gxs debit physical card. Currently facing a small issue with logging in my GXS app & only through the app. + 5 secret digit number to input. All the best to new peeps have same trouble as me.... Cheers.",4
Zam Bert,Been waiting since july to open an account.. Remembered that i sign up for early access first time round and was told would be informed once new slots are available for sign up.. As weeks goes by i see that other people were invited to open an account but not me.. Now 4 mths later am trying again and signed up again for early access..,1
Nad N,"Been using this bank for a while now and didn't face any major problems. What I enjoyed the most is the saving pockets area where we could create different pockets for each saving we want to do and even add goals into it. The 2.68% per annum is added daily (0.01) as long as you have a minimum of 150 in your savings. If not, you'll have to wait till your it accumulates up to 0.01 to be added. There was also cashback when you make payment using the card which I didn't know till recently.",5
L Sent,I'm stuck on the singpass page without being able to proceed. All is updated to latest ver.,1
Alvin Khah,"Easy to use, clear info and rapid yet secure transactions. Highly recommend.",5
Clement,"Wasn't able to log in since 7 Sept. Called the CSO hotline on 9 Sept and was told to try resending the email OTP. Checked the email junk box and retried multiple times but didn't receive any emails. Was told that they had to check on the back end. When asked when I could receive a response, they mentioned 2 working days?? But this means I wouldn't be able to carry out any transactions for 5 whole days. Imagine if I had a critical transaction to carry out! I would have no access to my funds!!!!",1
Doreen Z,"You are welcome! I had hoped to keep more money long term but after only 1 month with GXS, your interest rate dropped greatly! Please have ""Add Payee"" to reduce errors - no Copy & Paste so we need to memorise long account numbers! Jul2023 Review - Seamless transactions. Great fun bank to bank with. I like the pockets idea where I am able to see where my goals are heading! The interest is the icing on the cake! Great UI and UX! Easiest digital bank to use! Thank you very much, Dev & Team!",4
Â≠îËôæÁ≤í,"Great interest rates and card spending rebates, and the app is also simple and easy to use.",5
Yw T,I am unable to log in today when i could yesterday. I cant transfer my money out to use. There is no alternative like physical counter or website so my money is stuck when i urgently need my money.,1
Koong Wei Jie,When to sign up for the account in last year august. 5 months has pass still waiting. Please help to solve the issue.,2
Edwin,"Stuck on Oops, something went wrong page when opening the app, while overseas. I can't imagine if I was in a urgent situation and my banking app failed like this. No way to access funds through a browser too means you can't do anything at all other than hope the problem is fixed soon. Put what you can afford to lose.",1
WenWei Shen,"[Update 2023-05-01] issue of display overlay causing screen unresponsiveness has been resolved! [Update 2023-01-25] Thanks to user E L's review, i rem tt my phone has display overlay add-on n this seems to be causing the issue. I tried app on my phone's 2ndary display (dual screen phone) n am able to use app Original review - screen is unresponsive regardless whether launched from GXS app or from Grab app",4
Edmund Siah,"One of the worst app I ever installed. Such a proclaimed digital bank yet can't even get the app to work properly. Since day one till now after sign up, the app never works, keep stating slip-space. If you can't get the app work properly, then don't launch it. How to trust and put our money in such an app if it doesn't even work properly. Trust app is so much better.",1
Kevin Poh,"Looking at past review and after installing the app, I must say the effort to launch progressively paid off instead of rushing into it. Was kind of concern if this is going to take off but I guess the objective is to ensure a safe bankng experience rather than rushing to grab the market. No observable bug and smooth sign in process.",5
Fadli Matswan,"Cannot login all of a sudden. Tried to uninstall and reinstall. Still no changes. What do i do here? I've got a pending repayment due. And if this continues, i will mostly probably be charged the late interest due the the app have login issues.",2
Arathiel,Intuitive and User-Friendly Interface. No doubt there are further improvements to be made. Looking forward to what the digital banking scene has to offer! Suggestion to have an interface/section for users to offer feedback & suggestions for potential pain points/improvements.,5
Renuka Ramalingam,"The app is very user friendly and easy to set up. I personally like the way they take information security seriously by making sure our phone is secure (via pin authentication). With all thats happening around, makes me so much more reassured that they take security seriously!",5
Chloe Lam,"Disappointing app experience, awful faux friendly service. I was invited to join via Grab. After multiple painful attempts to sign up (and v lacklustre UI/UX), I was told that there's been an error, and finally received a vague email stating that I am ineligible, without offering any reason why. After multiple emails, customer service still failed to explain why I am not eligible, while signing off as my 'GXS buddy' everytime. I don't need a buddy from you. I just need you to do your job.",1
Adrian Cheng,"Like this app over Trust and others. Concept similar to Timo bank in VN which I used before when I was living there. 5k account limit is shocking to me since these days where got people only save 5k. Hope for an update on this asap as well as debit card. Otherwise, interface is clean, easy to use, easy to sign up, good interest rate. For now, gxs looks promising to be my permanent savings bank. Others will just serve as my Spent account or salary credit account.",5
Swee Seng,"Your phone cannot be used Lol, which part of my phone have been modified? Nvr root or anything This is something that should not even be released to the public when you can't even get device authentication working UPDATE: So they decided to just close my issue and deemed it as ""resolved"" when it isn't Dont ever use this pos software",1
El Sptr,"1) long waiting list 2) everytime i log into waiting list, it's as if I'm not in the waiting list as they ask me to sign up to be in the waiting list üôÑ alr 4 time alr 3) of course I'm still not in the GXS list Had sent light for the long wait. Meanwhile while it isn't approved I'll delete since I won't be able to use it. üòë No spaces.",1
Anna Y,"Love the function of having multiple pockets as it helps me to track each target accordingly. Thank you for the genius allocation! Would have given 4.5 if there was, with the 0.5 hoping for unlimited numbers of pockets. :"")",4
Adrian Han,Over lapping wording. Pull down refresh need to tweak more does not feel smooth it all. Opening of account does not work if you are connected to WiFi.,2
khoo ky vinh,Seamless. Got it up and running in less than 5mins! Easy to transfer in and out from other banks. I like the daily interest credit. Helps me set aside money for daily use and motivates me to check how much I'm getting everyday. Dun understand why there are gripes and complaints from other reviewers. This app is fantastic üòç,5
Muhd Rashid,Easy loan and easy payment with no hassle.,5
Andrei Chan,"Download the app, and tried to apply. Got an error message, page cannot download and cannot login at all. Uninstall the app within 5 mins of trying. Don't bother. I got better choices elsewhere.",1
Actavis SG,App is snappy. Interface is simple and straightforward. Most importantly interest is attractive. Keep it up! By the way please add 'Save payee' feature.,5
Goh Hang Boon,"The apps cannot make it. I tried to apply for a loan. After filling up all the forms, unable to proceed after the last question, are you a US citizens. The next button does not pop up be the answer is yes or No.",1
Jason CKM,The links after downloading the app are unclickable to even register. Looks more like a wireframe on a Marvel platform. Lol What a great UX that GXS promises in their marketing but unable to deliver. I wonder what happens if you cannot click in future to transfer your money? I have serious doubts about how legit they are about Fintech with such a haphazard launch.,1
Robbie Foo,Totally absurd and redundant feature that FORCES me to setup a PASSWORD FOR MY PHONE!!! The same kind autocracy and authoritarianism they force down the throat of their delivery riders. I've got at least 3 other banking apps by major banks. NONE.. I repeat .. NONE forces me to modify my phone settings to accommodate them. I'm steering away from this app.,1
Jolie Ang,"Doesn't work on my phone, cannot click and cannot scroll anything. Only works if I open it as a mini pop-up app. Had to create an account via someone else's phone. Please fix!",1
Aliff luffy,Easy to apply good full amount of loan given compare to outside or lending bee ... or they never cut your loan amouny . interest can be save if payment early. multiple loan also can.. only it could be better if can increase loan amount after loan given .. or can be resgistet again once deleted.,5
k.naresh kumar,"Fast and easier way to get the loan amount, as a foreigner i cant make but my friend helped me, it will be useful if foreigner also can borrow.. This is a suggestion.. Thanks",5
Randy Sugianto „ÄåYuku„Äç,"Why do the app ask me to rate on Play Store if my rating on the app is 5, but there was no such questions when I put a 1 rating on the app? It encourages unfair ratings on the Play Store.",1
TAN CH,"The app works great, simple yet effective enough to encourage savings via ""pockets"" so that users do not unknowingly overspent using the main account and that explain the lower interest as compared to funds kept inside the ""pockets"". Although its good to start small, i do hope the bank can increase the saving caps to encourage even more savings.Security wise while i think is on par with industry standard but there are still room to enhance it further as scammers are getting smarter everyday.",5
Tony Low,I don't set. A password in my phone n not allow me to down load this apps,5
Nurhartini Nurhartini,They unable to process my application. 4x attempt,1
Benson,Cannot set up my account in redmi 8T. Reach the email 2FA before I key in the numbers App closed,1
Kam Weng Goh,"I installed the app and got to the first screen. When I tried to proceed, it popped up a message saying and there is an overlap app that is NOT SECURED. It then asked if I want to proceed. What is this about?",1
N O,"Misleading advertisement for flexiloan promotion for July 2023, stated rate as low as 2.99% p.a. Issued a rate that was extraordinary and way beyond all major banks that would offered even at their highest peak rate. A real shock of disbelief, thinking was a sign-up bug but it ended to be their best rate offered. Would be really cautious on signing up any offers from GXS even though their app user interface, interaction, and wording do project confidence in honoring their offer.",1
sherrick Khoo,"Sign up failed without given a reason. Ask to see FAQ but click it doesn't link to it. Hello! I don't know where you guys are heading. If you don't want people to sign up, just cross out at the beginning, are you trying to gather personal data???!!!!!",1
Ben Ding,App auto exit after I clicked pocket account icon to see the details of each pocket account. Happened on from yesterday. Issue resolved after app update on 8 Feb. Thank you for the swift response.,5
jeffrey ooi,I have merely tried to apply for your flexi loan on this app. But when i tried to applied like 9 times straight i have been instantly being asked to reapply over and over again. Very bad for user experience and does not live up to expectations till today,2
Literally Anything Poh,"forces you to use singpass to register, is slow when browsing the FAQs, and the login doesn't allow singpass-based password login, when the registration does??? maximum frustration",1
Gary Goh,"The screen cannot respond entirely.. After going through the screen login, the app completely doesn't respond touch. Very buggy.",2
Hiok,"Easy to set up and smooth sign in + attractive interest rate, it would be great if the saving caps could be higher than $5000 :)",5
Wee Kek Tan,Kudos to GXS for responding promptly to the error that I experienced accessing the pockets. The latest update resolved the problem. Thank you!,5
Nor Eliya Khan Ali,First time checking out on dis and didnt know grab came with this and enhanced features was super accessible indeed within mins i was able.to withdraw e.loan even though e security was quite super securable which i liked.thank u for making things affordable and reachable for difficult times for mummiesüëåüôèü•∞üåπ,5
ASL 97,"Update 2023/07/20: saw the news about more slot being open but it still gives the same ""library tampering"" warning and force closed, no idea why, maybe it's because of developer mode is enable or whatever, but I am an app developer and no other bank apps complain about anything.",1
MaP Undey,"Just found out that they are reducing their interest rate to a pathetic 2.68%. don't like this bait and switch marketing strategy, lure us with high interest rate then suddenly drop the interest rates once they get enough sign ups. [Update] Whats the point of increasing the main wallet interest when no one puts money there? Its not like you're increasing it back to 3.48% right? The pt is the big reduction of the Pockets interest rates which is the key thing that people arent happy about.",1
Aaron Koo,Seamless registration. All done in less than 15 mins. Signed up and funds loaded. I guess they improved the app compared to the issues faced by other users earlier on.,5
Chris P,"blank screen after they pull all my Singpass data. terrible digi bank, waste of time. taking my money to other banks. my phone is updated, latest OS, not jailbroken, all official and secure.",1
Djinn Kojack,I have been trying for few hours to signed up for the flexiloan using Singpass.. till now it shows couldn't retrieve Myinfo.. wanted to Live Chat with anyone for assistance but there's no icon showing Live chat at the help center at all..,1
Collin Sta Maria,"Can't even load properly. Prompted to set 6 digit security code, then application disappear and had to redo again with the same problem. Is this a legitimate mobile app?",1
Chiam Mack,Simple to use. Took a short while to know how to process. Hope that they can maintain the great interest. Good job GXS.,5
Alifuddin Salleh,Its a simple bank app to help you save and transfer your daily needs. Just dont split screen or use another app when using it.,5
Felicia Lim,"Hi, is something wrong with the app? Am error message says ""Something went wrong"" when I tried to log in with the Passcode I set yesterday.",2
Wei Ping Yuen,Scan QR feature failed big time! Parsed 16.2 as 16.02! Amatuer mistake. Did the developer of this feature attend more than a day of class in CS?!,1
Sanjay Sachdev,Hi please take note your app shouldn't be detecting whether if my phone has a pin number or not. This is a red flag on your digital banking system. No other bank is doing this including Trust Bank who is your competitor and they are doing better than you. Btw do not insult Singtel share holders like me.,1
Baggio Pan,Ok Good system.,5
Benjamin Loh,"Closed my account without giving me any reason. Just started to put money in the account to earn interest, merely only earned $4 of interest in total.",1
Joel Q,Smooth app with fast onboarding. Im unable to add fund to pocket with decimals due to numeric keypad.,5
Cyrus Casper Nanana,Worst rate you will ever find. Bank interest are much more forgiving. This app calculate and told me about 8.5% Per/annum. Total outrageous. That's close to ah long rate . Horrible horrible. Straight away uninstalled,1
Km Lim,"Hopeless app. If you can't auto startup singpass app, how to complete the registration!!!!",1
Benjamin Sion,App is not clear and Singpass details are not accurate for them. It didn't allow me to open an account....,1
Bryan Tan,"Registering, get the notice it's full and sign for interest. Received email notification, sign up to get prompt to sign for interest...again.",1
Karry Hane,Can't even open the GXS app... the only way to access your account with a digital bank. It's like placing your money and cementing it with a roof and 4 walls with no doors!,1
Grace Ho,Seems to be full. Unable to sign up. Uninstalling since it is the case.,1
Ken Cheng,"Few months have passed. And we still can't add favourite payee, etc. Can u guy really work on it",1
athornz,Cant launch. Stalled at invisible layer. Then receive crashed notification.,1
Chester,Occasionally getting unable to login error.,3
Emirul Izma Abdul,Easy and fast app,5
Hendri Ong,"If your bank is not ready for the public, you shouldn't even shout out you are ready. Unlike Trust, you download the app and they are really to accept application sign up. Super disappointed and how to trust my fund with your organisation?",1
c. hs,Great concept on the savings account. Daily interest really motivates keeping money there. Hope to see GXS bank grow and increase the savings account limit. Edit: Interest rate drop significantly. Moving out.,2
Aaro,Hi any chance for foreign to apply? Im work at sg,1
Sajeev Kamalasanan,Easy & fast approval of loan with reasonable interest rates. GXS is giving other banks a run for their $$$. All the best GXS Bank!,5
Eric Lim,"Tried to sign up using singpass. After approve and redirect to the app, it still keep asking me to sign up.. useless app",1
Hulkster Hakim,Easy to use & very helpful üëå,5
Vijay Pal,Awesome experience so far. UI is flawless. Innovative ideas of various pockets and ROI caught my interest.,5
Gilbert Zhuo,False advertising of rates.,1
Amelia Loo,Poor try attempted but still cannot . Terrible app....,1
Suvega Srinivasan,Very good digital savings bank account that helps grow our funds.,5
Jason Teo,"It's doesn't work, they're just trying to collect phone numbers. If they're not ready for people to download and use it, it shouldn't be on the play store.",1
Zwe Mahn Moe,Please put in option for adding Payee/beneficiary in the app. We should not be typing in bank account number everytime we make a transfer.,4
Bob Cao,"The overall design of the app is great, but the CNY banner looks so out of place in the latest version",3
Eric See,Have been downloading this app for past few days. After download it kept showing me oops unexpected errors......,1
Yvonne Lee,Interest rate dropping substantially after just ONE MONTH. Kind of hilarious. Moving out!,2
Fizie Joe,Attempt to try but it keep post something wrong.cannot go thru the apps.dont know why?3 times try even more but still can't get thru?,1
Song Liong Ng,"Great experience. Setup, top up, setup pocket and transfer smoothly",5
FRANK T,They shouldn't launch the app if it is not ready. Super misleading news published on Aug 31.,1
ken ng,Not worth the effort to sign up. Not transparent in application selection process.,1
Aw CY,Not able to sign up the loan portion using singpass. It keep showing logging in for the past 10 minutes,2
Ummageswary Bala,"What is the criteria to approve the loan? Each time my hubby and I tried to apply loan multiple time, it get rejected. I wonder how much do we need to earn every month to get the loan approved!! If you have some rules and criteria then state it out so people won't waste time applying.",1
Yusri Wagiman,Can not open,1
Jerry Chan,Crash upon login into a newly created account. Reinstall and still the same. I'm on Android 13 phone.,1
Kelvin Heng,After setting up the account today. Login to GxS screen become unresponsive. Phone Samsung S22 ultra.,1
Ming Quan Chua,Easy to register and deposit. Clean UI interface.,5
anurag chauhan,"Pathetic app and support. Paynow qr, which is the only way to spend money from this bank account is not working for months and support is providing meaningless replies",1
Sakiren ‚ÄúKiren‚Äù Abdul Hamid,It really helps when really in need. So easy to do it. It's at your fingertips.,5
Jessie Macatangay,"How many attempts for the year. Until now, message still the same. It‚Äôs not you, it‚Äôs us. We understand that receiving this news may be disappointing. And while we‚Äôre unable to disclose the specific reasons why your GXS FlexiLoan application wasn‚Äôt approved, please know that every GXS FlexiLoan application goes through an evaluation process that must meet our eligibility criteria and internal assessment requirements.",1
Fussfree SG,"The UIUX of the app is definitely the best amongst the banks right now, looking forward to more products",5
Jeremy Kuah,"Updated - Kindly ignore my previous rating, and I have amended my rating. My son did a Giro to link his Grab Account to GXS but neglected to inform us of the transaction.",4
Han Jie Tan,"I wish we can put a 0 star for it. Make you create an account, wait for it only to tell you that it is full while others cut queue to have the account created while you continue to wait. Probably just out to farm your data. Dont bother",1
2021 Lalaland,After few day on decided whether to download the app I decided to went on But the said thing is once I'm try to log in the account üò≠ but couldn't log on and it said to rest ask to go back to the front page.,1
Joselyn Tan,Am trying to redo application. So i closed account. Now cannot re open. Quote lost in space,3
Marcus Tan,Great app! Kudos to the GXS team in developing such an amazing app. Excited to see what more this product can do!,5
LittleKlas AS,I can't sign up at all!!!! It just go blank after I click up with singpass,1
Garreth Alvin Chan,Unexpected error when trying to login. Kindly fix this issue ASAP.,1
Liu Chung Yu,"App got a lot of issues, forever logging in singpass when want to get an account",1
Bee Khim K,Easy and simple to use for transfer money. High interest rate.,5
Thomas Wong,Good to have the UI updated. Only issue now is the 5k max deposit.,4
Han Tan,"Over all good,but some interface cover on mobile phone.Thank.",5
Yongchang CHEN,"Great rates, easy to use, get Grab points just by linking the account",5
Yue Jun Yi,Easy to use. Hopefully can raise the deposit cap soon.,5
Mel Tan,"Insecure app beware folks. I applied using my singpass and instead of reviewing my own details, I saw someone's details on my screen instead, race, name, DOB, employer name on next step etc. I was shocked! Took a screenshot Incase anyone wanna verify with me.",1
jerrold chan (Crimson.),"Once login, it just hang there and when try to use it in grab app it just say that my phone unable to use this app",1
Abe Adduru,best app experience looking forward for more breakthrough features in digi banking.,5
Stan,Not ready to roll out completely. Aint even allowed to create an account without an invitation,1
znyew,Unable to open all of a sudden when I try on 7 Sep and only stuck in loading screen,1
Wan Shah,Waste of time app!! Keep on crashing when want to register. ZERO stars !!!,1
EleForced MLG,"Everytime successfully signec up, after log in numerours time, it told me ""we have lost you in space"". Poor online banking",1
Reese Ismail,Invitation fr Singtel. Trying my luck first and it was a very fast approval on a Sunday. Love the fact that we can take any amount fr our credit limit.,5
Ati,Have not even tried already failed on me. Just to download has the error and ask to download again .. üòî,1
Allen ong,Can't even open the app after downloaded it....try redownload it a few time also same,1
S K,Terrible implementation of Singpass. Sign up keeps redirecting to Singpass,1
M L,Can GXS pls explain why the app keeps saying there is unexpected error and I cannot even open the app????,1
anurag chauhan,"No support for SGQR. When only way to spend is QR pay, atleast support SGQR, GrabPay as very few business have Paynow QR!",2
Muhammad Suhaimi,"An absolutely rubbish apps, with zero chance of getting loan approval, totally useless",1
Dexter Chew,Cui full. Cannot sign up. Only on waiting list. What a waste.,1
David Chia,"Beautiful graphics and theme, user-friendly",5
SC Yeo,Unable to sign up using singpass after multiple times.,1
MydailyGame Channel,"Cannot register, keep nothing pop up On sign up",1
Wilfred Watanabe,"""Oops something went wrong! ..."" (if only i can attach a screenshot)",1
WJ Chu,Love GxS bank. Would it be available on Google Pay as well? üòâ,5
Diana Amin,could not open my gxs app,1
Aza_ain,What a nonsense app is this??download but say got malware in my hp?and ask me to fix my app?wth?,1
Sairuldin Noor,Why i cannot login?.,1
DingJie Lim,Hang when i want to log in with sing pass,1
Rez Sanchez,The app homepage have no setting or other function for me to update or assign..,3
David Do,Simple UI and easy to use,5
waitaminute,Can't log in and app crash,1
Eric Leong,Great bank..Good interest rate,5
Yew ZHIYING,Couldn't use the app suddenly,1
Elias Chang,Great savings rate!,5
Lee Hock Leong (John),I hope the GXS Bank can given the interest 10% p.a as deposit $1 into the saving account as a free gift .,3
Muhd Shah,"Terrible, don't use this bank",1
Shaifuddin Saptoe,Ease of use and payments,5
Hamzah Basir,Loving it so far.,5
xxxredyaxxx 21,Easy to use,5
Radi Nordin,Apps easy to use and easy transfer,5
Charlotte Yeep,Overall is a good app? Just that why maximum cash is 5k? Make it 20k with higher interest rate,3
ganesh nesh,Firstly i can't even log in shows some error n stuff haiz,1
Prakash Gunasekaran,"Only Singaporean can apply for loan, good if everyone can apply.",3
Zen,Same cannot open the apps now... What happened?...,1
Brad Pang,"Unable to open app. From other reviews, seems I am not the only one. How to trust this bank?",1
Faith Tan,Unable to open the app once I've installed,1
Goh Lin Ling,such a lousy app. cant even login or set up account,1
Sufiean abu,"Poor, get in touch with email late response after few weeks then replied. Not recommending üòî",1
Amoy Gao,digital bank app does not work when it already goes live.....are u still doing UAT?,1
Garima Gupta,No debit card. Max interest reduced to only 2.65 now within one month of start.,1
Angel G,Tried multiple times still unable to sign up....,1
Jon Tan,Rubbish app totally can't log in and see,1
Weng Koon Wong,Apps is fast and UI is cool,4
Dan Lew,"After signed up and asked for my info,straight away got rejected!",1
Yu Ping,Always freezing and crashes,1
thiru shan,Design is nice and easy to use.,5
Looi trevor,Easy to use and fast,5
H.L Chua,Lousy app. Applied on Saturday and was informed that application closed on Tuesday. Waste time.,1
AKIDA ARIFFIN,Cannot open the apps. Why partner with Grab? Useless app,1
Jeff Tan7729,"Year 2023, a banking app that can't save pay, are you living in yesteryears?",1
vevin mok,All early sign up slots taken? I thought it's already open for all to sign up ?,1
John Smith,"No web interface, forced to use the app",1
Hamzah Abdullah,Easy to use. Fast transfer.,5
T Y S,Cannot even sign up properly,1
ale ee,Nice app! Love the Saving pockets.,5
Adrian Wee,Lousy. High interest rate. Not advertise as stated in the media. Scam.,1
Anurag Gupta,"If you not ready, dont waste everbody's time and effort to install your app! Before launch your app rating is 2.5, you guys are really clueless! (Dec.20) - they opened my Saving Account with cap of $5K, are you kidding me? Running a bank or school project?",1
Slack Rider,Cant even apply.. apps doesn't work,1
Peng Seng Lin,You app downloading alway show technical priblem why??,5
M Fenlin,"Screen loaded but when no response when I press ""I have an account""",2
Nihit Gupta,"Barely a month in, GXS has indeed chosen to slash their interest rates i.e. effective 17 August 2023 onwards, the interest rate earned on Saving Pocket(s) funds have been adjusted from 3.48% p.a. to 2.68% p.a.",1
Conan Kong,I seem to be having issues with the opening of the app.,1
Hafiz Hashim,Can't even click log in on galaxy s23 ultra,2
Joraimi Samsudin,Hi I try log in with singpass but unsuccessful thanks,5
Ramadoss Ramesh,Not working properly,1
Han Yang Tan,Unable to open the app and use my funds. Is this some kind of cash grab?,1
Norman Lim,What is the purpose of your app? Why would I use your app over DBS uob and ocbc? I don't see why you are better in any way?,1
Sandy Ong,Unable to use at all,1
Samantha Tan,Needs a feature to save payees,3
To Ricky,App got problem can't login,1
Wendy Jap,"Sleek, simple to use.",5
Chee Cheng Lee,"Can not download yet, just always show pending......",1
Alvin Guo,Great App Easy to use,5
Tan Ivy,Not so good im not citizent or pr but ipen saving account also can not,1
Raymond Valdez,Details not complete,1
zoe chua,Dogshit app that takes forever to setup and days to review applications,1
David Leong,Buggy app and bad customer support,1
John Lim,"3.48% interest rate only last for 2weeks, the main selling point for this app is now dropped to 2.68% pa üòÇ",2
Damnlame78@gmail.com 7809974g,Easy to use. Awesome,5
iqbal abdul salam,"Sorry to have said this, why not this gxbank through by gxbank for worldwide",1
Bernard Ong,Waste time download. Keep repeat to login my Singpass,1
Q K,Bait and switch üëéüèº Switching to standard chartered eSaver for 3.4% interest,1
Ruby,Download already can't even open the file.,1
Joey Tian,Loving the color scheme!,5
Chen Zhenfu Andy,app is not been updated.,3
Jyoti Dhas,Awesome app for use,5
Andrew Chew,is there a login issue now,3
Cheng Sze Hui,"The deposit interest is very high, which is currently my most satisfactory",5
Trinh Zhong,Easy of use,5
Najmul Hasan,Very good app,5
Light Tz,Gxs Flexiloan doesn't work even though I meet the eligible criteria..,5
PeterPaul Yep,Ease of use,5
SC SD (mrSeanx),The bank is not ready at all. I'm your ecosystem user. This is how you treat you ecosystem customer.,1
Hardik Thaker,Amazing app experience.,5
Kuyame Hikari,"Problem solved, am happily using it",5
Alex Ng,Rates are not so attractive already,3
Kelvin Goh,False promise so fast change interest rate,1
Nor Azman,I can't seem to register!!!!,1
Zzz Xxx,Worst apps everything also no resolve well,1
Lucius,Unable to use biometrics,1
Ë∑ØÈÅéÁöÑÂ§©Êâç,Cannot log in!,1
Tegindarjeet Singh,How to cancel or delete all my personal detail submit on GXS app thru Singpass?,3
TzeEe Soon,Can't login now. Makes me feel like being SCAMMED,1
L K Ong,Looks cool and sleek! Can I get an invite if I give a five star review? ü§™,5
Nathanael Tan (NatIsrael972),Cannot tap on Join The Revolution or anything,1
J J,No option to add payees,1
Yee Chan,App not working,1
Gaming Wrath,Cannot sign up already,1
Prabhakaran Jhonty,It's seemless banking experience,5
Vincent Wong,Was rejected without details,1
Nurfadilah Jamaludin,rejected everytime try to apply,1
Lyn Feng,Reduce interest rate in less than a month. Waste time open account here.,1
Eugene KH,after two week still pending my account.,1
Eileen Tan Seok Hwee,Ease of use.,5
ichange,Good job GXS,5
GS,Garbage company for deceiving the public,1
TheGhost 2106,Whats with the Loan Thingy ???,1
Lim,Can't work .,3
Chee Kit Chong,"$5000 limit, Big L",1
CH Lee,Great experience so far,5
Jesse Low,Fantastic Bank Great UX,5
goh goh,Can't open,1
Siew,Gave up. Is hopeless...,1
Arthur Gerard,Could be scam,1
Gabriel Lee,App is down,1
Legal Unicorn,Trolling us bruh,1
VELAN Ram,good üëç,3
Faizal Mohamed (Pekjalfaizal),ü•∞ü•∞ü•∞,5
Jahid,Well done,2
·Ä°·ÄÄ·Äº·ÄÆ·Ä∏ ·ÄÄ·Ä±·Ä¨·ÄÑ·Ä∫,Good,1
Adha Malek,üëçüëçüëçüëç,5
Raihanah Rahmat,Super efficient üëç,5
Be sensible & Logic,Superb,5
ANG DENNIS,Friendly user,5
elanggo soundaraju,Good appüòÉ,5
Jeffrey Tan,Ssucks,1
Rahmat Abbas,Love GXS,5
David Chan,Great..,5
Siti Fatimah,User friendly.,5
LimCliveeFeifei766 Clivee,üëç n,5
Amelia Razul,seamless!,5
YY Tan,Intuitive interface,5
Megha Rastogi,beautiful app,5
benjaminfong1,Amazing app,5
TJ K,Nice,5
eric ng,Lousy app,1
